<?xml version="1.0" encoding="UTF-8"?>
<ODM FileOID="ODM.1497516063497" FileType="Snapshot" CreationDateTime="2017-06-16T15:44:49+01:00" ODMVersion="1.3.2" Originator="Formedix" SourceSystem="Data Acquisition Designer" SourceSystemVersion="4.0.0-RC2" xmlns:xml="http://www.w3.org/XML/1998/namespace" xmlns="http://www.cdisc.org/ns/odm/v1.3">
	<Study OID="S.RPTIG.UC-E">
		<GlobalVariables>
			<StudyName>Repeating Item Groups Use Case E - Matrix Questions</StudyName>
			<StudyDescription>Back pain form where one question is multi-part, asking &quot;During the past 4 weeks, how much have you been bothered by…&quot; for a number of different pre-specified symptoms. See Q5: https://painconsortium.nih.gov/NIH_Pain_Programs/Task_Force/cLBP_RTF_MinimalDataset.pdf</StudyDescription>
			<ProtocolName>Repeating Item Groups Use Case E - Matrix Questions</ProtocolName>
		</GlobalVariables>
		<BasicDefinitions/>
		<MetaDataVersion OID="MDV.RPTIG.UC-E" Name="Repeating Item Groups Use Case E - Matrix Questions">
			<FormDef OID="F.BACKPAIN" Name="Chronic Low Back Pain" Repeating="No">
				<ItemGroupRef ItemGroupOID="IG.PAIN" Mandatory="Yes" OrderNumber="1"/>
			</FormDef>
			<ItemGroupDef OID="IG.PAIN" Name="Pain Scale with Matrix" Repeating="No">
				<ItemRef ItemOID="I.PAIN.MATRIX" Mandatory="Yes" OrderNumber="1"/>
			</ItemGroupDef>
			<ItemDef OID="I.PAIN.MATRIX" Name="Pain Matrix" DataType="integer" Length="1" Repeating="Yes">
				<Question>
					<TranslatedText>During the past 4 weeks, how much have you been bothered by:</TranslatedText>
				</Question>
				<CodeListRef CodeListOID="CL.PAINSEV"/>
				<Repeat CodeListOID="CL.PAINTYPE"/>
			</ItemDef>
			<CodeList OID="CL.PAINTYPE" Name="Pain type" DataType="integer">
				<CodeListItem CodedValue="1" OrderNumber="1">
					<Decode>
						<TranslatedText>Stomach pain</TranslatedText>
					</Decode>
				</CodeListItem>
				<CodeListItem CodedValue="2" OrderNumber="2">
					<Decode>
						<TranslatedText>Pain in your arms, legs, or joints other than your spine or back</TranslatedText>
					</Decode>
				</CodeListItem>
				<CodeListItem CodedValue="3" OrderNumber="3">
					<Decode>
						<TranslatedText>Headaches</TranslatedText>
					</Decode>
				</CodeListItem>
				<CodeListItem CodedValue="4" OrderNumber="4">
					<Decode>
						<TranslatedText>Widespread pain or pain in most of your body</TranslatedText>
					</Decode>
				</CodeListItem>
			</CodeList>
			<CodeList OID="CL.PAINSEV" Name="Pain severity" DataType="integer">
				<CodeListItem CodedValue="1" OrderNumber="1" Rank="1">
					<Decode>
						<TranslatedText>Not bothered at all</TranslatedText>
					</Decode>
				</CodeListItem>
				<CodeListItem CodedValue="2" OrderNumber="2" Rank="2">
					<Decode>
						<TranslatedText>Bothered a little</TranslatedText>
					</Decode>
				</CodeListItem>
				<CodeListItem CodedValue="3" OrderNumber="3" Rank="3">
					<Decode>
						<TranslatedText>Bothered a lot</TranslatedText>
					</Decode>
				</CodeListItem>
			</CodeList>
		</MetaDataVersion>
	</Study>
	<ClinicalData StudyOID="S.RPTIG.UC-E" MetaDataVersionOID="MDV.RPTIG.UC-E">
		<SubjectData SubjectKey="1">
			<StudyEventData StudyEventOID="blah">
				<FormData FormOID="F.BACKPAIN">
					<ItemGroupData ItemGroupOID="IG.PAIN">
						<!--	ItemRepeatKey is the Code from the Repeat CodeList, i.e. indicates which repeat the data relates to	-->
						<!--	The data content is the Code from the Item's CodeList, i.e. indicates the response to the specific repeat	-->
						<ItemData ItemOID="I.PAIN.MATRIX" Value="1" ItemRepeatKey="1"/>
						<ItemData ItemOID="I.PAIN.MATRIX" Value="1" ItemRepeatKey="2"/>
						<ItemData ItemOID="I.PAIN.MATRIX" Value="2" ItemRepeatKey="3"/>
						<ItemData ItemOID="I.PAIN.MATRIX" Value="1" ItemRepeatKey="4"/>
					</ItemGroupData>
				</FormData>
			</StudyEventData>
		</SubjectData>
	</ClinicalData>
</ODM>
