<?xml version="1.0" encoding="UTF-8"?>
<ODM FileOID="ODM.1497516063497" FileType="Snapshot" CreationDateTime="2017-06-15T09:45:36+01:00" ODMVersion="2.0" Originator="Formedix" SourceSystem="Origin Study Modeller" SourceSystemVersion="3.7.1" xmlns:xml="http://www.w3.org/XML/1998/namespace" xmlns="http://www.cdisc.org/ns/odm/v2.0">
	<Study OID="S.RPTIG.UC-D" StudyName="Repeating Item Groups Use Case D - Codelist Repeat with 'other' field" ProtocolName="Repeating Item Groups Use Case D - Codelist Repeat with 'other' field">
		<Description><TranslatedText type="text/plain">Medical History form with a set of questions that repeat for each of a number of pre-defined histories, and allows additional histories to be collected. One entry in the repeating codelist represents an "other" body system, and for these repeats an additional field collects the "other" information.</TranslatedText></Description>
		<MetaDataVersion OID="MDV.RPTIG.UC-D" Name="Repeating Item Groups Use Case D - Codelist Repeat with 'other' field">
			<ItemGroupDef OID="F.MEDHIST" Name="Medical History" Repeating="No" Type="Form">
				<ItemGroupRef ItemGroupOID="IG.MEDHIST" Mandatory="Yes" OrderNumber="1"/>
			</ItemGroupDef>
			<ItemGroupDef OID="IG.MEDHIST" Name="Medical History" Repeating="Static" Type="Section" Domain="MH">
				<ItemRef ItemOID="I.MH.BODSYS" Mandatory="Yes" OrderNumber="1" Repeat="Yes"/>
				<ItemRef ItemOID="I.MH.SYSOTH" Mandatory="No" OrderNumber="2"/>
				<ItemRef ItemOID="I.MH.TERM" Mandatory="No" OrderNumber="3"/>
				<ItemRef ItemOID="I.MH.ACTIVE" Mandatory="No" OrderNumber="4"/>
				<Repeat ItemOID="I.MH.BODSYS" OtherItemOID="I.MH.SYSOTH">
					<OtherCodedValue>99</OtherCodedValue>
				</Repeat>
				<Origin Type="Collected" Source="Investigator"/>
			</ItemGroupDef>
			<ItemDef OID="I.MH.BODSYS" Name="Body System" DataType="integer" Length="8">
				<Question>
					<TranslatedText xml:lang="en" type="text/plain">Body System</TranslatedText>
					<TranslatedText xml:lang="fr" type="text/plain">Système De Corps</TranslatedText>
				</Question>
				<CodeListRef CodeListOID="CL.MHSYSTEM"/>
				<Alias Context="SDTM" Name="MHBODSYS"/>
			</ItemDef>
			<ItemDef OID="I.MH.TERM" Name="MH Abnormality" DataType="text" Length="80">
				<Question>
					<TranslatedText xml:lang="en" type="text/plain">Abnormality</TranslatedText>
					<TranslatedText xml:lang="fr" type="text/plain">Anomalie</TranslatedText>
				</Question>
				<Alias Context="SDTM" Name="MHTERM"/>
			</ItemDef>
			<ItemDef OID="I.MH.ACTIVE" Name="MH Active" DataType="integer" Length="8" Origin="CRF">
				<Question>
					<TranslatedText xml:lang="en" type="text/plain">Currently Active</TranslatedText>
					<TranslatedText xml:lang="fr" type="text/plain">Actuellement Actif</TranslatedText>
				</Question>
				<CodeListRef CodeListOID="CL.ACTINACT"/>
			</ItemDef>
			<ItemDef OID="I.MH.SYSOTH" Name="Body System Other" DataType="text" Length="40" Origin="CRF">
				<Question>
					<TranslatedText xml:lang="en" type="text/plain">Other</TranslatedText>
					<TranslatedText xml:lang="fr" type="text/plain">Autre</TranslatedText>
				</Question>
			</ItemDef>
			<CodeList OID="CL.MHSYSTEM" Name="Body System" DataType="integer">
				<CodeListItem CodedValue="1">
					<Decode>
						<TranslatedText xml:lang="en" type="text/plain">Skin</TranslatedText>
						<TranslatedText xml:lang="fr" type="text/plain">Peau</TranslatedText>
					</Decode>
				</CodeListItem>
				<CodeListItem CodedValue="2">
					<Decode>
						<TranslatedText xml:lang="en" type="text/plain">Eyes</TranslatedText>
						<TranslatedText xml:lang="fr" type="text/plain">Yeux</TranslatedText>
					</Decode>
				</CodeListItem>
				<CodeListItem CodedValue="3">
					<Decode>
						<TranslatedText xml:lang="en" type="text/plain">Heart</TranslatedText>
						<TranslatedText xml:lang="fr" type="text/plain">Coeur</TranslatedText>
					</Decode>
				</CodeListItem>
				<CodeListItem CodedValue="4">
					<Decode>
						<TranslatedText xml:lang="en" type="text/plain">Abdomen</TranslatedText>
						<TranslatedText xml:lang="fr" type="text/plain">Abdomen</TranslatedText>
					</Decode>
				</CodeListItem>
				<CodeListItem CodedValue="5">
					<Decode>
						<TranslatedText xml:lang="en" type="text/plain">Neurological</TranslatedText>
						<TranslatedText xml:lang="fr" type="text/plain">Neurologique</TranslatedText>
					</Decode>
				</CodeListItem>
				<CodeListItem CodedValue="99">
					<Decode>
						<TranslatedText xml:lang="en" type="text/plain">Other</TranslatedText>
						<TranslatedText xml:lang="fr" type="text/plain">Autre</TranslatedText>
					</Decode>
				</CodeListItem>
			</CodeList>
			<CodeList OID="CL.ACTINACT" Name="Status (Active / Non-Active)" DataType="integer">
				<CodeListItem CodedValue="1">
					<Decode>
						<TranslatedText xml:lang="en" type="text/plain">Active</TranslatedText>
						<TranslatedText xml:lang="fr" type="text/plain">Actif</TranslatedText>
					</Decode>
				</CodeListItem>
				<CodeListItem CodedValue="2">
					<Decode>
						<TranslatedText xml:lang="en" type="text/plain">Inactive</TranslatedText>
						<TranslatedText xml:lang="fr" type="text/plain">Inactif</TranslatedText>
					</Decode>
				</CodeListItem>
			</CodeList>
		</MetaDataVersion>
	</Study>
	<ClinicalData StudyOID="S.RPTIG.UC-D" MetaDataVersionOID="MDV.RPTIG.UC-D">
		<SubjectData SubjectKey="1">
			<StudyEventData StudyEventOID="blah">
				<FormData FormOID="F.MEDHIST">
					<ItemGroupData ItemGroupOID="IG.MEDHIST" ItemGroupRepeatKey="1">
						<ItemData ItemOID="I.MH.BODSYS" Value="1"/>
						<ItemData ItemOID="I.MH.TERM" Value="some problem"/>
						<ItemData ItemOID="I.MH.ACTIVE" Value="1"/>
					</ItemGroupData>
					<ItemGroupData ItemGroupOID="IG.MEDHIST" ItemGroupRepeatKey="2">
						<ItemData ItemOID="I.MH.BODSYS" Value="3"/>
						<ItemData ItemOID="I.MH.TERM" Value="some other problem"/>
						<ItemData ItemOID="I.MH.ACTIVE" Value="2"/>
					</ItemGroupData>
					<ItemGroupData ItemGroupOID="IG.MEDHIST" ItemGroupRepeatKey="3">
						<ItemData ItemOID="I.MH.BODSYS" Value="3"/>
						<ItemData ItemOID="I.MH.TERM" Value="another heart related problem"/>
						<ItemData ItemOID="I.MH.ACTIVE" Value="2"/>
					</ItemGroupData>
					<ItemGroupData ItemGroupOID="IG.MEDHIST" ItemGroupRepeatKey="4">
						<ItemData ItemOID="I.MH.BODSYS" Value="99"/>
						<ItemData ItemOID="I.MH.SYSOTH" Value="My Other Body System"/>
						<ItemData ItemOID="I.MH.TERM" Value="a final problem"/>
						<ItemData ItemOID="I.MH.ACTIVE" Value="2"/>
					</ItemGroupData>
				</FormData>
			</StudyEventData>
		</SubjectData>
	</ClinicalData>
</ODM>
