<?xml version="1.0" encoding="UTF-8"?>
<ODM FileOID="ODM.1497516063497" FileType="Snapshot" CreationDateTime="2017-06-15T09:45:36+01:00" ODMVersion="2.0" Originator="Formedix" SourceSystem="Origin Study Modeller" SourceSystemVersion="3.7.1" xmlns:xml="http://www.w3.org/XML/1998/namespace" xmlns="http://www.cdisc.org/ns/odm/v2.0">
	<Study OID="S.RPTIG.UC-B" StudyName="Repeating Item Groups Use Case B - Codelist Dynamic Repeat" ProtocolName="Repeating Item Groups Use Case B - Codelist Dynamic Repeat">
		<Description>
			<TranslatedText type="text/plain">Medical History form with a set of questions that repeat for each of a number of pre-defined histories, and allows additional histories to be collected. Each repeating row has the same definition.</TranslatedText>
		</Description>
		<MetaDataVersion OID="MDV.RPTIG.UC-B" Name="Repeating Item Groups Use Case B - Codelist Dynamic Repeat">
			<ItemGroupDef OID="F.MEDHIST" Name="Medical History" Repeating="No" Type="Form">
				<ItemGroupRef ItemGroupOID="IG.MEDHIST" Mandatory="Yes" OrderNumber="1"/>
			</ItemGroupDef>
			<ItemGroupDef OID="IG.MEDHIST" Name="Medical History" Repeating="Static" Domain="MH" Type="Section">
				<ItemRef ItemOID="I.MH.BODSYS" Mandatory="Yes" OrderNumber="1" Repeat="Yes"/>
				<ItemRef ItemOID="I.MH.TERM" Mandatory="No" OrderNumber="2"/>
				<ItemRef ItemOID="I.MH.ACTIVE" Mandatory="No" OrderNumber="3"/>
				<!--Repeat ItemOID="I.MH.BODSYS"/-->
				<Origin Type="Collected" Source="Investigator"/>
			</ItemGroupDef>
			<ItemDef OID="I.MH.BODSYS" Name="Body System" DataType="integer" Length="8">
				<Question>
					<TranslatedText xml:lang="en" type="text/plain">Body System</TranslatedText>
					<TranslatedText xml:lang="fr" type="text/plain">Système De Corps</TranslatedText>
				</Question>
				<CodeListRef CodeListOID="CL.MHSYSTEM"/>
				<Alias Context="SDTM" Name="MHBODSYS"/>
			</ItemDef>
			<ItemDef OID="I.MH.TERM" Name="MH Abnormality" DataType="text" Length="80">
				<Question>
					<TranslatedText xml:lang="en" type="text/plain">Abnormality</TranslatedText>
					<TranslatedText xml:lang="fr" type="text/plain">Anomalie</TranslatedText>
				</Question>
				<Alias Context="SDTM" Name="MHTERM"/>
			</ItemDef>
			<ItemDef OID="I.MH.ACTIVE" Name="MH Active" DataType="integer" Length="8">
				<Question>
					<TranslatedText xml:lang="en" type="text/plain">Currently Active</TranslatedText>
					<TranslatedText xml:lang="fr" type="text/plain">Actuellement Actif</TranslatedText>
				</Question>
				<CodeListRef CodeListOID="CL.ACTINACT"/>
			</ItemDef>
			<CodeList OID="CL.MHSYSTEM" Name="Body System" DataType="integer">
				<CodeListItem CodedValue="1">
					<Decode>
						<TranslatedText xml:lang="en" type="text/plain">Skin</TranslatedText>
						<TranslatedText xml:lang="fr" type="text/plain">Peau</TranslatedText>
					</Decode>
				</CodeListItem>
				<CodeListItem CodedValue="2">
					<Decode>
						<TranslatedText xml:lang="en" type="text/plain">Eyes</TranslatedText>
						<TranslatedText xml:lang="fr" type="text/plain">Yeux</TranslatedText>
					</Decode>
				</CodeListItem>
				<CodeListItem CodedValue="3">
					<Decode>
						<TranslatedText xml:lang="en" type="text/plain">Heart</TranslatedText>
						<TranslatedText xml:lang="fr" type="text/plain">Coeur</TranslatedText>
					</Decode>
				</CodeListItem>
				<CodeListItem CodedValue="4">
					<Decode>
						<TranslatedText xml:lang="en" type="text/plain">Abdomen</TranslatedText>
						<TranslatedText xml:lang="fr" type="text/plain">Abdomen</TranslatedText>
					</Decode>
				</CodeListItem>
				<CodeListItem CodedValue="5">
					<Decode>
						<TranslatedText xml:lang="en" type="text/plain">Neurological</TranslatedText>
						<TranslatedText xml:lang="fr" type="text/plain">Neurologique</TranslatedText>
					</Decode>
				</CodeListItem>
			</CodeList>
			<CodeList OID="CL.ACTINACT" Name="Status (Active / Non-Active)" DataType="integer">
				<CodeListItem CodedValue="1">
					<Decode>
						<TranslatedText xml:lang="en" type="text/plain">Active</TranslatedText>
						<TranslatedText xml:lang="fr" type="text/plain">Actif</TranslatedText>
					</Decode>
				</CodeListItem>
				<CodeListItem CodedValue="2">
					<Decode>
						<TranslatedText xml:lang="en" type="text/plain">Inactive</TranslatedText>
						<TranslatedText xml:lang="fr" type="text/plain">Inactif</TranslatedText>
					</Decode>
				</CodeListItem>
			</CodeList>
		</MetaDataVersion>
	</Study>
	<ClinicalData StudyOID="S.RPTIG.UC-B" MetaDataVersionOID="MDV.RPTIG.UC-B">
		<SubjectData SubjectKey="1">
			<StudyEventData StudyEventOID="blah">
				<ItemGroupData ItemGroupOID="F.MEDHIST">
					<ItemGroupData ItemGroupOID="IG.MEDHIST" ItemGroupRepeatKey="1">
						<ItemData ItemOID="I.MH.BODSYS"><Value>1</Value></ItemData>
						<ItemData ItemOID="I.MH.TERM"><Value>some problem</Value></ItemData>
						<ItemData ItemOID="I.MH.ACTIVE"><Value>1</Value></ItemData>
					</ItemGroupData>
					<ItemGroupData ItemGroupOID="IG.MEDHIST" ItemGroupRepeatKey="2">
						<ItemData ItemOID="I.MH.BODSYS"><Value>3</Value></ItemData>
						<ItemData ItemOID="I.MH.TERM"><Value>some other problem</Value></ItemData>
						<ItemData ItemOID="I.MH.ACTIVE"><Value>2</Value></ItemData>
					</ItemGroupData>
					<ItemGroupData ItemGroupOID="IG.MEDHIST" ItemGroupRepeatKey="3">
						<ItemData ItemOID="I.MH.BODSYS"><Value>3</Value></ItemData>
						<ItemData ItemOID="I.MH.TERM"><Value>another heart related problem</Value></ItemData>
						<ItemData ItemOID="I.MH.ACTIVE"><Value>2</Value></ItemData>
					</ItemGroupData>
					<ItemGroupData ItemGroupOID="IG.MEDHIST" ItemGroupRepeatKey="4">
						<ItemData ItemOID="I.MH.BODSYS"><Value>4</Value></ItemData>
						<ItemData ItemOID="I.MH.TERM"><Value>a final problem</Value></ItemData>
						<ItemData ItemOID="I.MH.ACTIVE"><Value>2</Value></ItemData>
					</ItemGroupData>
				</ItemGroupData>
			</StudyEventData>
		</SubjectData>
	</ClinicalData>
</ODM>
