<?xml version="1.0" encoding="UTF-8"?>
<ODM FileOID="ODM.1497516063498" FileType="Snapshot" CreationDateTime="2017-06-15T10:09:52+01:00" ODMVersion="2.0" Originator="Formedix" SourceSystem="Origin Study Modeller" SourceSystemVersion="3.7.1" xmlns:xml="http://www.w3.org/XML/1998/namespace" xmlns="http://www.cdisc.org/ns/odm/v2.0">
	<Study OID="S.RPTIG.UC-A" StudyName="Repeating Item Groups Use Case A - Simple Dynamic Repeat" ProtocolName="Repeating Item Groups Use Case A - Simple Dynamic Repeat">
		<Description><TranslatedText type="text/plain">Concomitant Medications form with one leading question and a set of questions that repeat dynamically for each medication (Start date, End date, Medication...). Each repeating row has the same definition. Note: No new XML is required - this would be the default interpreration.</TranslatedText></Description>
		<MetaDataVersion OID="MDV.RPTIG.UC-A" Name="Repeating Item Groups Use Case A - Simple Dynamic Repeat">
			<ItemGroupDef OID="F.CONMED_DYN" Name="Concomitant Therapy (Dynamic)" Repeating="No" Type="Form">
				<ItemGroupRef ItemGroupOID="IG.CONMED" Mandatory="Yes" OrderNumber="1"/>
				<ItemGroupRef ItemGroupOID="IG.CONMED_DYN" Mandatory="Yes" OrderNumber="2"/>
			</ItemGroupDef>
			<ItemGroupDef OID="IG.CONMED_DYN" Name="Concomitant Therapies" Repeating="Simple" Domain="CM" Type="Section">
				<ItemRef ItemOID="I.CM.INDC" Mandatory="Yes" OrderNumber="1">
					<Origin Type="Collected" Source="Investigator"/>
				</ItemRef>
				<ItemRef ItemOID="I.CM.TRT" Mandatory="Yes" OrderNumber="2">
					<Origin Type="Collected" Source="Investigator"/>
				</ItemRef>
				<ItemRef ItemOID="I.CM.DOSE" Mandatory="Yes" OrderNumber="3">
					<Origin Type="Collected" Source="Investigator"/>
				</ItemRef>
				<ItemRef ItemOID="I.CM.DOSU" Mandatory="Yes" OrderNumber="4">
					<Origin Type="Collected" Source="Investigator"/>
				</ItemRef>
				<ItemRef ItemOID="I.CM.DOSFRQ" Mandatory="Yes" OrderNumber="5">
					<Origin Type="Collected" Source="Investigator"/>
				</ItemRef>
				<ItemRef ItemOID="I.CM.ROUTE" Mandatory="Yes" OrderNumber="6">
					<Origin Type="Collected" Source="Investigator"/>
				</ItemRef>
				<ItemRef ItemOID="I.CM.STDTC" Mandatory="Yes" OrderNumber="7">
					<Origin Type="Collected" Source="Investigator"/>
				</ItemRef>
				<ItemRef ItemOID="I.CM.ONGO" Mandatory="Yes" OrderNumber="8">
					<Origin Type="Collected" Source="Investigator"/>
				</ItemRef>
				<ItemRef ItemOID="I.CM.ENDTC" Mandatory="Yes" OrderNumber="9">
					<Origin Type="Collected" Source="Investigator"/>
				</ItemRef>
				<!-- Alternatively, "Origin" can be placed here -->
			</ItemGroupDef>
			<ItemGroupDef OID="IG.CONMED" Name="Concomitant Therapies leading question" Repeating="No" Type="Section">
				<ItemRef ItemOID="I.CM.DTC" Mandatory="Yes" OrderNumber="1">
					<Origin Type="Collected" Source="Investigator"/>
				</ItemRef>
			</ItemGroupDef>
			<ItemDef OID="I.CM.ENDTC" Name="End Date/Time" DataType="datetime">
				<Question>
					<TranslatedText type="text/plain">End Date / Time</TranslatedText>
				</Question>
				<Alias Context="SDTM" Name="CMENDTC"/>
			</ItemDef>
			<ItemDef OID="I.CM.DOSE" Name="Dose" DataType="text" Length="40">
				<Question>
					<TranslatedText type="text/plain">Dose</TranslatedText>
				</Question>
				<Alias Context="SDTM" Name="CMDOSE"/>
			</ItemDef>
			<ItemDef OID="I.CM.DOSFRQ" Name="Frequency" DataType="integer" Length="8">
				<Question>
					<TranslatedText type="text/plain">Freq</TranslatedText>
				</Question>
				<CodeListRef CodeListOID="CL.CMFREQ"/>
				<Alias Context="SDTM" Name="CMDOSFRQ"/>
			</ItemDef>
			<ItemDef OID="I.CM.ONGO" Name="Ongoing" DataType="text" Length="1">
				<Question>
					<TranslatedText type="text/plain">Ongoing</TranslatedText>
				</Question>
				<CodeListRef CodeListOID="CL.YESNO"/>
			</ItemDef>
			<ItemDef OID="I.CM.DOSU" Name="Unit" DataType="integer" Length="8">
				<Question>
					<TranslatedText type="text/plain">Unit</TranslatedText>
				</Question>
				<CodeListRef CodeListOID="CL.CMUNIT"/>
				<Alias Context="SDTM" Name="CMDOSU"/>
			</ItemDef>
			<ItemDef OID="I.CM.TRT" Name="Drug Treatment" DataType="text" Length="200">
				<Question>
					<TranslatedText type="text/plain">Drug Treatment</TranslatedText>
				</Question>
				<Alias Context="SDTM" Name="CMTRT"/>
			</ItemDef>
			<ItemDef OID="I.CM.INDC" Name="Indication" DataType="text" Length="200">
				<Question>
					<TranslatedText type="text/plain">Indication</TranslatedText>
				</Question>
				<Alias Context="SDTM" Name="CMINDC"/>
			</ItemDef>
			<ItemDef OID="I.CM.ROUTE" Name="Route" DataType="integer" Length="8">
				<Question>
					<TranslatedText type="text/plain">Route</TranslatedText>
				</Question>
				<CodeListRef CodeListOID="CL.CMROUTE"/>
				<Alias Context="SDTM" Name="CMROUTE"/>
			</ItemDef>
			<ItemDef OID="I.CM.STDTC" Name="Start Date/Time" DataType="datetime">
				<Question>
					<TranslatedText type="text/plain">Start Date / Time</TranslatedText>
				</Question>
				<Alias Context="SDTM" Name="CMSTDTC"/>
			</ItemDef>
			<ItemDef OID="I.CM.DTC" Name="Date/Time of completion" DataType="datetime">
				<Question>
					<TranslatedText type="text/plain">Date / Time of completion</TranslatedText>
				</Question>
			</ItemDef>
			<CodeList OID="CL.CMROUTE" Name="CM Routes" DataType="integer">
				<CodeListItem CodedValue="1">
					<Decode>
						<TranslatedText type="text/plain">intravenous</TranslatedText>
					</Decode>
				</CodeListItem>
				<CodeListItem CodedValue="2">
					<Decode>
						<TranslatedText type="text/plain">parenteral</TranslatedText>
					</Decode>
				</CodeListItem>
				<CodeListItem CodedValue="3">
					<Decode>
						<TranslatedText type="text/plain">respiratory (inhalation)</TranslatedText>
					</Decode>
				</CodeListItem>
				<CodeListItem CodedValue="4">
					<Decode>
						<TranslatedText type="text/plain">dental</TranslatedText>
					</Decode>
				</CodeListItem>
				<CodeListItem CodedValue="5">
					<Decode>
						<TranslatedText type="text/plain">oral</TranslatedText>
					</Decode>
				</CodeListItem>
				<CodeListItem CodedValue="99">
					<Decode>
						<TranslatedText type="text/plain">other</TranslatedText>
					</Decode>
				</CodeListItem>
			</CodeList>
			<CodeList OID="CL.CMFREQ" Name="CM Frequency" DataType="integer">
				<CodeListItem CodedValue="1">
					<Decode>
						<TranslatedText type="text/plain">Once</TranslatedText>
					</Decode>
				</CodeListItem>
				<CodeListItem CodedValue="2">
					<Decode>
						<TranslatedText type="text/plain">1 / H</TranslatedText>
					</Decode>
				</CodeListItem>
				<CodeListItem CodedValue="3">
					<Decode>
						<TranslatedText type="text/plain">1 / D</TranslatedText>
					</Decode>
				</CodeListItem>
				<CodeListItem CodedValue="4">
					<Decode>
						<TranslatedText type="text/plain">ad lib</TranslatedText>
					</Decode>
				</CodeListItem>
			</CodeList>
			<CodeList OID="CL.YESNO" Name="Yes / No" DataType="text">
				<CodeListItem CodedValue="Y">
					<Decode>
						<TranslatedText type="text/plain">Yes</TranslatedText>
					</Decode>
				</CodeListItem>
				<CodeListItem CodedValue="N">
					<Decode>
						<TranslatedText type="text/plain">No</TranslatedText>
					</Decode>
				</CodeListItem>
			</CodeList>
			<CodeList OID="CL.CMUNIT" Name="CM Units" DataType="integer">
				<CodeListItem CodedValue="1">
					<Decode>
						<TranslatedText type="text/plain">tab(s)</TranslatedText>
					</Decode>
				</CodeListItem>
				<CodeListItem CodedValue="2">
					<Decode>
						<TranslatedText type="text/plain">drop(s)</TranslatedText>
					</Decode>
				</CodeListItem>
				<CodeListItem CodedValue="3">
					<Decode>
						<TranslatedText type="text/plain">g</TranslatedText>
					</Decode>
				</CodeListItem>
				<CodeListItem CodedValue="4">
					<Decode>
						<TranslatedText type="text/plain">mg</TranslatedText>
					</Decode>
				</CodeListItem>
				<CodeListItem CodedValue="5">
					<Decode>
						<TranslatedText type="text/plain">pill</TranslatedText>
					</Decode>
				</CodeListItem>
				<CodeListItem CodedValue="6">
					<Decode>
						<TranslatedText type="text/plain">mol</TranslatedText>
					</Decode>
				</CodeListItem>
				<CodeListItem CodedValue="99">
					<Decode>
						<TranslatedText type="text/plain">other</TranslatedText>
					</Decode>
				</CodeListItem>
			</CodeList>
		</MetaDataVersion>
	</Study>
	<ClinicalData StudyOID="S.RPTIG.UC-A" MetaDataVersionOID="MDV.RPTIG.UC-A">
		<SubjectData SubjectKey="1">
			<StudyEventData StudyEventOID="blah">
				<ItemGroupData ItemGroupOID="F.MEDHIST">
					<ItemGroupData ItemGroupOID="IG.CONMED">
						<ItemData ItemOID="I.CM.DTC"><Value>2017-08-01T12:23</Value></ItemData>
					</ItemGroupData>
					<ItemGroupData ItemGroupOID="IG.CONMED_DYN" ItemGroupRepeatKey="1">
						<ItemData ItemOID="I.CM.INDC"><Value>Indication 1</Value></ItemData>
						<ItemData ItemOID="I.CM.TRT"><Value>Treatment 1</Value></ItemData>
						<ItemData ItemOID="I.CM.DOSE"><Value>30</Value></ItemData>
						<ItemData ItemOID="I.CM.DOSU"><Value>4</Value></ItemData>
						<ItemData ItemOID="I.CM.DOSFRQ"><Value>3</Value></ItemData>
						<ItemData ItemOID="I.CM.ROUTE"><Value>5</Value></ItemData>
						<ItemData ItemOID="I.CM.STDTC"><Value>2017-07-28T13:11</Value></ItemData>
						<ItemData ItemOID="I.CM.ONGO"><Value>N</Value></ItemData>
						<ItemData ItemOID="I.CM.ENDTC"><Value>2017-07-30T12:05</Value></ItemData>
					</ItemGroupData>
					<ItemGroupData ItemGroupOID="IG.CONMED_DYN" ItemGroupRepeatKey="2">
						<ItemData ItemOID="I.CM.INDC"><Value>Indication 2</Value></ItemData>
						<ItemData ItemOID="I.CM.TRT"><Value>Treatment 2</Value></ItemData>
						<ItemData ItemOID="I.CM.DOSE"><Value>100</Value></ItemData>
						<ItemData ItemOID="I.CM.DOSU"><Value>4</Value></ItemData>
						<ItemData ItemOID="I.CM.DOSFRQ"><Value>3</Value></ItemData>
						<ItemData ItemOID="I.CM.ROUTE"><Value>5</Value></ItemData>
						<ItemData ItemOID="I.CM.STDTC"><Value>2017-07-13T09:33</Value></ItemData>
						<ItemData ItemOID="I.CM.ONGO"><Value>Y</Value></ItemData>
					</ItemGroupData>
				</ItemGroupData>
			</StudyEventData>
		</SubjectData>
	</ClinicalData>
</ODM>
